Date,Open,High,Low,Close,Volume
2024-06-12,858.0857876314975,883.2099210531404,858.0857876314975,878.3783569335938,48106925.0
2024-06-13,895.3540066292547,906.9945787631129,883.7134344953967,891.4738159179688,55857091.0
2024-06-14,888.5636860150319,894.3839721679688,877.8931614013142,894.3839721679688,38408123.0
2024-06-17,885.6534982488675,897.2940699673632,885.6534982488675,893.4138793945312,26292426.0
2024-06-18,915.7249915081522,921.5452774711277,911.8448008661685,914.7549438476562,37876013.0
2024-06-19,924.4554849016071,954.5269644734327,924.4554849016071,951.6168212890625,72228052.0
2024-06-20,941.9163440078285,951.6168212890625,941.9163440078285,951.6168212890625,48225374.0
2024-06-21,932.2157991075024,948.7066092894249,931.2457514497423,940.9462280273438,88376132.0
2024-06-24,929.3057074364195,931.2458028590426,911.8448486328125,911.8448486328125,66391994.0
2024-06-25,897.2941145316634,916.695068359375,895.3540191488922,916.695068359375,57368432.0
2024-06-26,922.5153593063354,931.2457885742188,922.5153593063354,931.2457885742188,44967166.0
2024-06-27,922.5153593063354,932.2158362706501,920.5752639134724,931.2457885742188,39729446.0
2024-06-28,927.3656238374256,941.9163396926153,926.3955761137463,937.0661010742188,39138210.0
2024-07-01,939.0061645507812,947.736593766646,936.0960214788264,939.0061645507812,19935737.0
2024-07-02,938.0361224492391,941.916313234965,930.2757408777873,931.2457885742188,25427569.0
2024-07-03,946.7664928338866,949.6766357421875,938.036064108984,949.6766357421875,24070411.0
2024-07-04,970.0475892024253,979.7480650944497,967.1374464348181,974.8978271484375,41893299.0
2024-07-05,974.8978271484375,979.7480650944497,970.0475892024253,974.8978271484375,19998094.0
2024-07-08,974.8978987984036,1018.5500435207201,970.047660495924,1003.9993286132812,40146763.0
2024-07-09,999.1490719134991,1023.4002629793608,994.2988337003268,1008.8495483398438,46373121.0
2024-07-10,989.4486370177931,1018.5500675183164,984.5983986010392,1013.6998291015625,46206302.0
2024-07-11,1033.1006537543403,1047.6513671875,1023.4001781322338,1047.6513671875,41724336.0
2024-07-12,999.1490719134991,1013.6997865530161,994.2988337003268,1008.8495483398438,68983062.0
2024-07-15,1008.8495483398438,1013.6997865530161,994.2988337003268,1008.8495483398438,38393309.0
2024-07-16,1008.8496140032584,1037.9510451764293,1003.9993754743965,1023.4003295898438,32125609.0
2024-07-17,1003.9992859479294,1013.699762140663,989.4485716588289,999.1490478515625,54022399.0
2024-07-18,958.4070181319963,974.8978271484375,956.4669229535914,974.8978271484375,81990095.0
2024-07-19,958.4070858670265,965.1974194713475,940.9462280273438,940.9462280273438,92507621.0
2024-07-22,935.1259474424254,936.0959951057474,909.904708196053,910.874755859375,83062356.0
2024-07-23,934.1558735645827,949.6766357421875,927.3655401118807,949.6766357421875,47213266.0
2024-07-26,887.5936671665736,902.1443830217634,887.5936671665736,896.3240966796875,82081735.0
2024-07-29,913.7850021103682,919.6052887480138,907.9647154727224,915.72509765625,40809258.0
2024-07-30,902.1443715196975,920.5752780346161,898.2641806744515,911.8448486328125,41761392.0
2024-07-31,901.1743584250995,911.8448836594118,900.2043106765257,906.0245971679688,39894991.0
2024-08-01,939.976217842102,939.976217842102,919.605216217041,931.2457885742188,47382270.0
2024-08-02,890.503779313097,900.2042562119325,875.9530639648438,875.9530639648438,76144485.0
2024-08-05,826.4806317101227,831.3308701591258,788.6487718078988,790.5888671875,144057989.0
2024-08-06,842.0013954856179,868.192683133212,814.8400601473721,853.6419677734375,102930842.0
2024-08-07,874.0129421068275,892.44384765625,866.2525608228601,892.44384765625,59158704.0
2024-08-08,874.0128967421396,877.8930871827262,860.4322302000863,869.1626586914062,38236391.0
2024-08-09,899.2342629279518,906.0245971679688,894.3840241850827,906.0245971679688,49494621.0
2024-08-12,913.7849440554355,919.6052303233046,903.114419231009,911.8448486328125,38331663.0
2024-08-13,916.6950098538373,916.6950098538373,908.9346288180377,912.8148193359375,25764381.0
2024-08-14,922.515306496922,926.3954970605263,916.6950206515155,919.6051635742188,36780856.0
2024-08-15,916.6950391686481,921.5452774711277,912.8148485266644,914.7549438476562,19476402.0
2024-08-16,934.155910243929,939.9761962890625,929.3056718729845,939.9761962890625,44062316.0
2024-08-19,939.9761935917226,945.7964796201543,935.1259552346961,943.8563842773438,21348863.0
2024-08-20,947.7365749629649,947.7365749629649,939.0061459203173,943.8563842773438,24039959.0
2024-08-21,932.2157458343187,935.1258886412936,927.3655078226938,929.3056030273438,29758188.0
2024-08-22,929.3056534086242,935.1259393381144,919.6051768594735,922.5153198242188,24349754.0
2024-08-23,915.725078618941,923.4854606411354,910.8748398550695,920.5753173828125,27592153.0
2024-08-26,928.3356832725124,932.2158742161802,916.6951104415091,921.5453491210938,25057581.0
2024-08-27,916.6950551415705,917.665102818969,911.844816754578,913.784912109375,18693037.0
2024-08-28,916.6949507210759,935.1258544921875,914.7548555872747,935.1258544921875,31059233.0
2024-08-29,913.7848961871604,918.63513448964,908.9346578846807,914.7549438476562,43530708.0
2024-08-30,915.72509765625,923.4854798397776,912.8149543374271,915.72509765625,63834981.0
2024-09-02,921.545258856021,926.3954970605263,914.7549253697134,919.6051635742188,18646835.0
2024-09-03,919.6052303233046,923.4854211685506,910.874800921501,911.8448486328125,19547575.0
2024-09-04,867.2226751990474,877.8932002853892,861.4023887883155,862.3724365234375,79709021.0
2024-09-05,879.8332093909152,887.5935905101294,873.0428759116027,874.9829711914062,30512026.0
2024-09-06,881.7733549230239,890.5037841796875,875.9530687519149,890.5037841796875,24458336.0
2024-09-09,865.2826026857098,873.0429847725771,864.3125549248514,872.0729370117188,35885268.0
2024-09-10,879.833238719839,883.7134294087908,874.0129526864112,876.923095703125,33498628.0
2024-09-11,878.8631163670141,878.8631163670141,873.0428308281597,874.0128784179688,18029342.0
2024-09-12,912.0136994057514,919.8086882895611,904.2187105219415,915.9111938476562,39454846.0
2024-09-13,930.5268004275426,930.5268004275426,914.9368226193325,922.7318115234375,25347586.0
2024-09-16,927.6036795885033,927.6036795885033,918.834317071385,922.7318115234375,13626239.0
2024-09-18,920.7829921937267,923.7061128038656,909.0905097531715,916.885498046875,28424324.0
2024-09-19,915.9111493428547,935.3986206054688,912.013655090332,935.3986206054688,32739630.0
2024-09-20,955.8604178041495,956.8347913187307,946.1166826583376,948.0654296875,60133709.0
2024-09-23,946.1167104012402,951.9629516601562,946.1167104012402,951.9629516601562,14497067.0
2024-09-24,950.9886166650837,961.7067260742188,946.1167487518404,961.7067260742188,26785975.0
2024-09-25,974.3734938588309,979.245361328125,972.4247468711133,979.245361328125,39405222.0
2024-09-26,984.1172680784329,988.9891357421875,979.2454004146782,988.9891357421875,38321585.0
2024-09-27,993.861005859375,998.7328735351563,974.37353515625,974.37353515625,35783779.0
2024-09-30,952.9373702763764,964.6298533472522,932.4755249023438,932.4755249023438,61603217.0
2024-10-01,942.2192575588148,951.9629934177477,942.2192575588148,947.0911254882812,26760355.0
2024-10-04,960.7323135485302,960.7323135485302,942.2192162286295,951.9629516601562,40934818.0
2024-10-07,967.552879401819,984.1172287974192,963.6553854263838,979.245361328125,39667071.0
2024-10-08,974.3735134011448,984.1172485351562,971.4503928609413,984.1172485351562,30845902.0
2024-10-09,1003.6047584683287,1008.4766262278837,993.8610229492188,993.8610229492188,46975717.0
2024-10-11,998.7329262181332,1023.0922658819901,993.8610582853619,1018.2203979492188,43058754.0
2024-10-14,1018.2203979492188,1027.9641338147615,1008.4766620836759,1018.2203979492188,36858874.0
2024-10-15,1023.0921208747079,1047.4514570860106,1023.0921208747079,1042.57958984375,42850176.0
2024-10-16,1013.3485300164474,1042.5797376130756,1008.4766620836759,1018.2203979492188,52652149.0
2024-10-17,1023.0921648550724,1027.9640323067633,1003.6046950483092,1008.4765625,54173771.0
2024-10-18,1066.9390480990785,1071.8109158986176,1047.4515769009217,1057.1953125,85011961.0
2024-10-21,1062.0671802995391,1066.9390480990785,1052.3234447004609,1057.1953125,36491060.0
2024-10-22,1037.7076819131541,1047.451416015625,1032.8358148619186,1047.451416015625,41197877.0
2024-10-23,1032.8358154296875,1042.5795495375148,1027.963948375774,1032.8358154296875,31423466.0
2024-10-24,1042.5795495375148,1047.4514165914284,1027.963948375774,1032.8358154296875,38236996.0
2024-10-25,1037.7078857421875,1042.5797537503668,1032.8360177340082,1037.7078857421875,22009575.0
2024-10-28,1047.4515003022693,1052.3233677455357,1023.0921630859375,1023.0921630859375,40142324.0
2024-10-29,1008.4766429020808,1013.3485107421875,993.8610393817609,1013.3485107421875,45415773.0
2024-10-30,1013.3484100045509,1027.9640120719243,1003.6046752929688,1003.6046752929688,38201984.0
2024-11-01,970.4760766006098,1003.6047780106708,970.4760766006098,998.73291015625,54480255.0
2024-11-04,1003.6047750619741,1018.2203785822942,998.7329072218674,1013.3485107421875,26747978.0
2024-11-05,1003.604693312872,1027.964030529204,1003.604693312872,1023.0921630859375,32385622.0
2024-11-06,1023.0920813218603,1052.3232836453421,1013.3483472140331,1032.8358154296875,55349259.0
2024-11-07,1023.0922817176497,1047.451621758546,1023.0922817176497,1037.7078857421875,43975446.0
2024-11-08,1057.1951495529315,1062.0670166015625,1052.3232825043006,1062.0670166015625,37099479.0
2024-11-11,1052.3234447004609,1062.0671802995391,1042.5797091013826,1057.1953125,34690205.0
2024-11-12,1032.83589797247,1037.7077654157365,1023.0921630859375,1023.0921630859375,51099848.0
2024-11-13,1018.2202974033817,1023.0921648550724,1008.4765625,1008.4765625,42331232.0
2024-11-14,1003.6046950483092,1013.3484299516908,998.7328275966183,1008.4765625,44627940.0
2024-11-15,1013.3484299516908,1018.2202974033817,1003.6046950483092,1008.4765625,34791611.0
2024-11-18,1003.6047780106708,1008.4766458650914,993.8610423018292,998.73291015625,31815076.0
2024-11-19,1003.6047750619741,1018.2203785822942,998.7329072218674,1013.3485107421875,24349599.0
2024-11-20,998.73291015625,998.73291015625,998.73291015625,998.73291015625,40203197.0
2024-11-21,993.8609836691677,998.7328512361734,984.1172485351562,984.1172485351562,41429227.0
2024-11-22,1008.4766429020808,1023.0922464224009,1008.4766429020808,1013.3485107421875,25187973.0
2024-11-25,1018.220277360342,1023.0921447161331,1003.6046752929688,1003.6046752929688,49566674.0
2024-11-26,988.9891161021619,993.8609836691677,984.1172485351562,984.1172485351562,27312402.0
2024-11-27,984.1172705078126,993.861005859375,974.37353515625,974.37353515625,31276090.0
2024-11-28,979.245361328125,979.245361328125,966.5785059079602,979.245361328125,33689956.0
2024-11-29,969.5017006502572,984.1173041776481,968.5273270817645,970.47607421875,40094983.0
2024-12-02,993.8609601449275,1013.3484299516908,988.9890926932367,1008.4765625,31168404.0
2024-12-03,1032.8359791543246,1037.7078469805242,1027.964111328125,1027.964111328125,43414538.0
2024-12-04,1037.7077226014894,1042.57958984375,1027.9639881169685,1042.57958984375,33466290.0
2024-12-05,1042.5795489643895,1052.3232830668605,1042.5795489643895,1047.451416015625,31425359.0
2024-12-06,1047.451621758546,1052.3234897667253,1032.8360177340082,1037.7078857421875,30765288.0
2024-12-09,1042.5795489643895,1047.451416015625,1037.7076819131541,1047.451416015625,22247131.0
2024-12-10,1042.5797537503668,1047.451621758546,1032.8360177340082,1037.7078857421875,28506584.0
2024-12-11,1018.2203979492188,1032.836001747533,1018.2203979492188,1018.2203979492188,25264194.0
2024-12-12,1036.80419921875,1041.6947850641216,1031.9136133733787,1036.80419921875,22791260.0
2024-12-13,1036.804238189554,1046.5854102479461,1031.913652160358,1041.69482421875,20423659.0
2024-12-16,1061.257080078125,1061.257080078125,1051.4759088331652,1061.257080078125,39722392.0
2024-12-17,1066.1477096202761,1071.0382954442223,1051.4759521484375,1051.4759521484375,37880707.0
2024-12-18,1051.4759088331652,1066.1476657006049,1046.5853232106856,1061.257080078125,41863190.0
2024-12-19,1041.694741507557,1046.5853271484375,1031.9135702257959,1046.5853271484375,42702851.0
2024-12-20,1036.8041862450937,1036.8041862450937,1012.3512573242188,1012.3512573242188,52030520.0
2024-12-23,1041.6946987575955,1056.366455078125,1036.804113317419,1056.366455078125,30728473.0
2024-12-24,1071.0382113986545,1071.0382113986545,1056.366455078125,1056.366455078125,26461906.0
2024-12-25,1066.1476657006049,1066.1476657006049,1056.3664944556451,1061.257080078125,15481622.0
2024-12-26,1061.257080078125,1066.1476657006049,1061.257080078125,1061.257080078125,14374900.0
2024-12-27,1056.3664125215023,1071.0381682509676,1056.3664125215023,1066.1475830078125,24948385.0
2024-12-30,1066.1475830078125,1071.0381682509676,1061.2569977646574,1066.1475830078125,23954634.0
2024-12-31,1056.3665379723836,1061.25712379633,1051.4759521484375,1051.4759521484375,28397820.0
2025-01-02,1046.5854102479461,1051.475996277142,1031.913652160358,1041.69482421875,43177098.0
2025-01-03,1056.3665379723836,1061.25712379633,1051.4759521484375,1051.4759521484375,30415096.0
2025-01-06,1075.92890625,1100.3818359375,1071.0383203125,1100.3818359375,69289786.0
2025-01-07,1124.8348053788718,1134.6159775995575,1105.2724609375,1105.2724609375,48758688.0
2025-01-08,1085.7099211679865,1105.2722620899322,1080.8193359375,1080.8193359375,45211419.0
2025-01-09,1075.9287109375,1090.6004660866477,1075.9287109375,1075.9287109375,27263215.0
2025-01-10,1075.9287109375,1085.7098810369318,1075.9287109375,1075.9287109375,22021522.0
2025-01-13,1085.710052916061,1090.6006387400073,1046.5853663244911,1051.4759521484375,56690300.0
2025-01-14,1061.2569977646574,1066.1475830078125,1051.4758272783472,1066.1475830078125,28695247.0
2025-01-15,1061.257168335534,1061.257168335534,1041.69482421875,1041.69482421875,35489482.0
2025-01-16,1071.0381654765272,1090.6005063984728,1066.1475802460407,1080.8193359375,47542962.0
2025-01-17,1100.381796700614,1100.381796700614,1071.038282121931,1095.4912109375,59214050.0
2025-01-20,1100.381796700614,1110.1629682268415,1095.4912109375,1095.4912109375,29834528.0
2025-01-21,1090.600625174386,1100.381796700614,1085.7100394112724,1095.4912109375,21904213.0
2025-01-22,1115.053672219163,1124.834844782489,1110.1630859375,1110.1630859375,42960405.0
2025-02-03,1041.694741507557,1051.475912789318,1036.8041558666764,1046.5853271484375,97946226.0
2025-02-04,1061.257037158426,1075.9287934325057,1056.366451733733,1071.0382080078125,53308108.0
2025-02-05,1085.7098388671875,1095.4910085867118,1080.8192540074253,1085.7098388671875,40385340.0
2025-02-06,1095.4911715246637,1095.4911715246637,1080.8194147631727,1090.6005859375,29971252.0
2025-02-07,1085.7100781249999,1100.3818359375,1080.8194921875,1100.3818359375,27883220.0
2025-02-10,1100.3816768594459,1100.3816768594459,1071.0381654765272,1080.8193359375,28527108.0
2025-02-11,1085.7098388671875,1090.6004237269497,1075.9286691476634,1085.7098388671875,18898928.0
2025-02-12,1085.7098810369318,1090.6004660866477,1075.9287109375,1075.9287109375,24172954.0
2025-02-13,1066.1475830078125,1071.0381682509676,1056.3664125215023,1066.1475830078125,33210403.0
2025-02-14,1041.6947850641216,1046.585370909493,1036.80419921875,1036.80419921875,64486940.0
2025-02-17,1041.6947375882057,1061.257080078125,1041.6947375882057,1061.257080078125,35491271.0
2025-02-18,1061.2569557883523,1075.9287109375,1056.3663707386363,1075.9287109375,21616188.0
2025-02-19,1066.1475830078125,1071.0381682509676,1061.2569977646574,1066.1475830078125,26400293.0
2025-02-20,1056.366455078125,1061.2570405183014,1046.5852841977721,1056.366455078125,29643124.0
2025-02-21,1061.257037158426,1071.0382080078125,1056.366451733733,1071.0382080078125,28972910.0
2025-02-24,1056.3665379723836,1061.25712379633,1051.4759521484375,1051.4759521484375,30822970.0
2025-02-25,1031.91357421875,1036.8041598785544,1027.0229885589454,1031.91357421875,45158522.0
2025-02-26,1022.1324416826357,1036.80419921875,1022.1324416826357,1036.80419921875,36768449.0
2025-02-27,1041.6948121877817,1041.6948121877817,1017.2418823242188,1017.2418823242188,55283596.0
2025-03-03,978.1171013327206,997.679443359375,978.1171013327206,997.679443359375,65621663.0
2025-03-04,974.2046579589844,987.8982977294921,974.2046579589844,978.1171264648438,64569262.0
2025-03-05,997.679443359375,1007.4606143727021,992.7888578527113,997.679443359375,41994320.0
2025-03-06,997.679447003265,1002.5700325277908,983.0076904296875,983.0076904296875,45187017.0
2025-03-07,983.0076904296875,987.8982759542133,978.1171049051617,983.0076904296875,40822280.0
2025-03-10,983.0077699955576,983.0077699955576,970.2922466025802,976.1609497070312,46849886.0
2025-03-11,947.7955965931948,957.5767689006581,941.9268932087168,949.7518310546875,50204233.0
2025-03-12,958.5548234082427,973.2265809093892,954.6423547412703,966.3797607421875,34184887.0
2025-03-13,978.1172203894106,983.0078064913577,943.8831176757812,943.8831176757812,37035693.0
2025-03-14,943.8831689733161,947.7956380675059,934.1019962378413,938.0144653320312,34333748.0
2025-03-17,955.6205020235985,963.4454396041398,946.8174472454897,948.773681640625,31491061.0
2025-03-18,959.0917244625387,961.0570763569291,951.2303168849768,954.1783447265625,21575327.0
2025-03-19,948.2823565827699,950.2477086171383,933.5422163250066,935.507568359375,35245036.0
2025-03-20,961.057180708677,967.9359130859375,954.1784483314166,967.9359130859375,28715956.0
2025-03-21,967.9358597743659,969.9012117739077,953.1957197778019,955.1610717773438,39214916.0
2025-03-24,968.9185357741368,969.9012117739077,955.1610717773438,955.1610717773438,16121506.0
2025-03-25,971.8665671608666,977.7626231800426,967.9358631480824,972.8492431640625,26167428.0
2025-03-26,977.762600645727,977.762600645727,963.0224609375,963.0224609375,21735917.0
2025-03-27,944.3516535430462,947.2996815978112,941.4036254882812,941.4036254882812,34563256.0
2025-03-28,929.6115122562697,938.4555964109277,929.6115122562697,935.507568359375,33101234.0
2025-03-31,904.0619902558378,907.9926945612981,894.2352294921875,894.2352294921875,51064611.0
2025-04-01,912.9060386399092,929.6115312737934,908.9753344907599,927.6461791992188,32197752.0
2025-04-02,932.5595795779218,935.507607753616,921.7501429337099,925.6808471679688,24849656.0
2025-04-07,833.3092041015625,833.3092041015625,833.3092041015625,833.3092041015625,23820773.0
2025-04-08,783.1928623423856,828.3959635566263,783.1928623423856,801.8637084960938,116648736.0
2025-04-09,794.9849208953275,811.690413670631,766.4873155727508,771.4006958007812,107582838.0
2025-04-10,848.0494384765625,848.0494384765625,848.0494384765625,848.0494384765625,19416428.0
2025-04-11,833.3092814081833,873.5989990234375,821.5171689354261,873.5989990234375,76103586.0
2025-04-14,879.4949884139045,887.3563961315706,850.0147094726562,850.0147094726562,66326054.0
2025-04-15,858.8587958271718,863.7721756660001,850.0147121172811,861.8068237304688,30562095.0
2025-04-16,851.980100397478,853.9454524168494,837.239960252193,840.18798828125,42128082.0
2025-04-17,834.291951185134,841.1706834092754,827.4132189609928,832.3265991210938,33684502.0
2025-04-18,838.2226864085478,843.1360667509191,835.274658203125,835.274658203125,20101219.0
2025-04-21,829.3785691312687,832.3265972205978,817.586456773952,820.5344848632812,18415705.0
2025-04-22,811.6904696296243,814.6384979696835,801.8637084960938,801.8637084960938,28888527.0
2025-04-23,838.2226394006613,857.8761596679688,833.3092593338345,857.8761596679688,37863656.0
2025-04-24,870.6509149339464,870.6509149339464,844.1186635759142,849.0320434570312,32238198.0
2025-04-25,884.4085074759818,885.3911835953995,870.6510418041332,872.6163940429688,34640282.0
2025-04-28,882.4430642016356,882.4430642016356,877.529684111426,881.4603881835938,21830091.0
2025-04-29,881.4603384487381,886.3737182617188,877.5296345983535,886.3737182617188,24362874.0
2025-04-30,885.3911647712607,892.2698974609375,883.4258125742102,892.2698974609375,35405654.0
2025-05-02,921.7501238692435,933.542236328125,915.8540676398027,933.542236328125,43873135.0
2025-05-05,939.4383529305204,940.4210290319122,907.0100415845924,921.7501831054688,52770209.0
2025-05-06,900.1312465501868,913.8887110171111,900.1312465501868,904.0619506835938,37538894.0
2025-05-07,908.9753726433064,915.8541051930395,895.2179075438402,911.9234008789062,36907620.0
2025-05-08,916.8367594799964,922.7328158110575,902.0966186523438,902.0966186523438,27985917.0
2025-05-09,921.7501337756848,932.5595703125,917.8194295804794,932.5595703125,36383573.0
2025-05-12,937.4729922303586,945.3344009702358,935.5076400453893,940.4210205078125,23402547.0
2025-05-13,972.8492703747822,972.8492703747822,952.2130737304688,952.2130737304688,38047856.0
2025-05-14,972.8492145710163,981.6932983398438,970.8838626223879,981.6932983398438,40475123.0
2025-05-15,982.6760344875063,982.6760344875063,975.7973022460938,975.7973022460938,24662270.0
2025-05-16,973.8319004341691,980.7106323242188,971.8665484655835,980.7106323242188,16878650.0
2025-05-19,975.7973316471752,976.780007711271,963.0225428139291,966.9532470703125,19906139.0
2025-05-20,973.8319787647582,976.7800069547626,961.0571899414062,961.0571899414062,20897857.0
2025-05-21,968.9185391512784,981.6933271928267,965.9705111416904,972.8492431640625,26248757.0
2025-05-22,970.8839101383496,970.8839101383496,962.0398259366846,964.9878540039062,18747545.0
2025-05-23,975.7973316471752,975.7973316471752,958.10916249345,966.9532470703125,22213030.0
2025-05-26,958.1091208536117,966.9532050461065,958.1091208536117,959.091796875,19329052.0
2025-05-27,954.1784661011375,958.1091703899166,944.3517053791896,948.2824096679688,26355315.0
2025-05-28,966.9532966811014,967.9359727956147,950.247802734375,950.247802734375,26471533.0
2025-05-29,968.918648910128,968.918648910128,950.247802734375,950.247802734375,48602590.0
2025-06-02,941.403623423667,944.3516514719666,929.6115112304688,929.6115112304688,33676511.0
2025-06-03,943.3689967105263,948.282376901727,933.542236328125,933.542236328125,26020787.0
2025-06-04,957.1264271129262,972.8492431640625,953.1957231001421,972.8492431640625,37233567.0
2025-06-05,982.6759842928043,982.6759842928043,973.8319004341691,980.7106323242188,24414444.0
2025-06-06,979.7280474638818,979.7280474638818,973.8319910097362,977.7626953125,13670307.0
2025-06-09,987.5894775390625,992.5028580243314,982.6760970537936,987.5894775390625,21674308.0
2025-06-10,1007.242843408904,1031.8097420286333,1002.3294636849581,1026.8963623046875,44877640.0
2025-06-11,1046.5499267578125,1051.4633066956426,1036.7231668821523,1046.5499267578125,37178498.0
2025-06-12,1041.122241444565,1046.0564700770037,1031.2537841796875,1031.2537841796875,25221606.0
2025-06-13,1026.3195682266382,1026.3195682266382,1011.5168821464464,1016.4511108398438,28393455.0
2025-06-16,1016.4511968845275,1016.4511968845275,1001.6485095512576,1011.5169677734375,28580673.0
2025-06-17,1026.319555547249,1036.1880128121263,1021.3853269148101,1031.2537841796875,26517379.0
2025-06-18,1026.3197478524883,1041.1224365234375,1016.451288738522,1041.1224365234375,37931721.0
2025-06-19,1031.2538953403343,1031.2538953403343,1016.451207847411,1021.3854370117188,24002557.0
2025-06-20,1016.451288738522,1041.1224365234375,1011.5170591815388,1041.1224365234375,57831332.0
2025-06-23,1011.5169315712125,1016.4511605057062,1001.648473702225,1006.5827026367188,32143872.0
2025-06-24,1031.2538812546502,1036.1881103515625,1026.3196521577381,1036.1881103515625,28163537.0
2025-06-25,1046.0565904278621,1055.925048828125,1041.1223612277308,1055.925048828125,38783736.0
2025-06-26,1060.8592529296875,1065.7934820130813,1050.9907947628997,1060.8592529296875,36056692.0
2025-06-27,1055.9249990957755,1065.79345703125,1046.0565411603009,1065.79345703125,32549027.0
2025-06-30,1060.8592051380085,1065.7934339991157,1046.0565185546875,1046.0565185546875,32413717.0
2025-07-01,1065.793432279666,1080.5961188391057,1060.8592034265193,1070.7276611328125,44299887.0
2025-07-02,1060.8592034265193,1070.7276611328125,1055.9249745733728,1070.7276611328125,23822731.0
2025-07-03,1090.4645514531967,1090.4645514531967,1075.661865234375,1075.661865234375,36973556.0
2025-07-04,1080.5961188391057,1085.5303476922525,1065.793432279666,1070.7276611328125,20363322.0
2025-07-07,1065.79345703125,1070.7276859989872,1055.9249990957755,1065.79345703125,18829372.0
2025-07-08,1055.9249990957755,1065.79345703125,1050.9907701280383,1065.79345703125,27461252.0
2025-07-09,1055.9249502759462,1075.661865234375,1050.990721536339,1075.661865234375,23618216.0
2025-07-10,1080.5961664373224,1085.5303955078125,1075.6619373668323,1085.5303955078125,22350503.0
2025-07-11,1080.5961664373224,1085.5303955078125,1075.6619373668323,1085.5303955078125,28249780.0
2025-07-14,1085.5304205907535,1085.5304205907535,1070.727733037243,1080.59619140625,25760632.0
2025-07-15,1080.5961171743031,1100.3330325564823,1075.6618883287586,1095.3988037109375,45416390.0
2025-07-16,1105.2674052820796,1115.1358642578125,1105.2674052820796,1115.1358642578125,31013743.0
2025-07-17,1115.1358642578125,1120.070093745679,1100.3331757942133,1115.1358642578125,30648595.0
2025-07-18,1139.8070068359375,1144.7412363027597,1129.938547902293,1139.8070068359375,46645034.0
2025-07-21,1129.938694696841,1134.8729248046875,1120.0702344811482,1134.8729248046875,26749324.0
2025-07-22,1129.9385527214117,1144.7412411850112,1115.1358642578125,1115.1358642578125,50457506.0
2025-07-23,1125.0042474072052,1129.9384765625,1120.0700182519104,1129.9384765625,29747757.0
2025-07-24,1134.8727057177948,1139.8069348730894,1129.9384765625,1129.9384765625,15055463.0
2025-07-25,1134.8727057177948,1139.8069348730894,1125.0042474072052,1129.9384765625,22476546.0
2025-07-28,1139.8069348730894,1144.7411640283842,1129.9384765625,1129.9384765625,20606376.0
2025-07-29,1129.93852711144,1129.93852711144,1110.20160960731,1120.070068359375,31763255.0
2025-07-30,1134.8727773691153,1144.7412363027597,1129.938547902293,1139.8070068359375,34182363.0
2025-07-31,1144.7412109375,1149.6754402949894,1139.8069815800109,1144.7412109375,33230751.0
2025-08-04,1115.1358389833424,1120.070068359375,1110.20160960731,1120.070068359375,23939021.0
2025-08-05,1129.938694696841,1134.8729248046875,1125.0044645889946,1134.8729248046875,17012960.0
2025-08-06,1115.1357671440971,1120.0699962022568,1110.2015380859375,1110.2015380859375,22023406.0
2025-08-07,1144.7412316273835,1164.4781494140625,1139.8070021807137,1164.4781494140625,61370031.0
2025-08-08,1164.4781748670214,1169.4124044215425,1154.6097157579788,1159.5439453125,25958258.0
2025-08-11,1154.609690520723,1179.2808377540716,1149.6754610740531,1164.4781494140625,35579367.0
2025-08-12,1164.4781494140625,1174.346608307402,1154.609690520723,1164.4781494140625,28917167.0
2025-08-13,1169.4122787475585,1184.2149658203125,1169.4122787475585,1184.2149658203125,37809952.0
2025-08-14,1169.4124044215425,1174.346633976064,1159.5439453125,1159.5439453125,32991791.0
2025-08-15,1159.5439199673926,1169.4123788607321,1154.609690520723,1164.4781494140625,22231552.0
2025-08-18,1154.609690520723,1169.4123788607321,1154.609690520723,1164.4781494140625,18219895.0
2025-08-19,1164.4780026206486,1169.4122314453125,1159.5437737959849,1169.4122314453125,17867547.0
2025-08-20,1149.6754446155699,1149.6754446155699,1120.070068359375,1120.070068359375,66982023.0
2025-08-21,1125.0044645889946,1139.8071549125339,1125.0044645889946,1134.8729248046875,23424804.0
2025-08-22,1139.806985863505,1139.806985863505,1120.070068359375,1120.070068359375,19205763.0
2025-08-25,1149.6753899989985,1164.4780774238782,1144.7411608573718,1154.609619140625,25103514.0
2025-08-26,1149.6754862034575,1169.4124044215425,1144.741256648936,1159.5439453125,35508897.0
2025-08-27,1174.3465576171875,1174.3465576171875,1164.4780991498162,1174.3465576171875,21952558.0
2025-08-28,1169.412357724946,1169.412357724946,1144.7412109375,1144.7412109375,19975237.0
2025-08-29,1164.478128367457,1169.412357724946,1144.7412109375,1144.7412109375,19522740.0
2025-09-01,1134.8727272917783,1149.6754150390625,1129.9384980426837,1149.6754150390625,22018940.0
2025-09-02,1154.6096696524785,1159.5438990099676,1139.8069815800109,1144.7412109375,14037411.0
2025-09-03,1139.8069815800109,1144.7412109375,1129.9385228650324,1144.7412109375,19511981.0
2025-09-04,1154.6096696524785,1159.5438990099676,1144.7412109375,1144.7412109375,24333323.0
2025-09-05,1159.5439199673926,1164.4781494140625,1154.609690520723,1164.4781494140625,27133819.0
2025-09-08,1179.2808377540716,1179.2808377540716,1164.4781494140625,1164.4781494140625,27281959.0
2025-09-09,1179.280736796061,1184.2149658203125,1174.34650777181,1184.2149658203125,31329096.0
2025-09-10,1203.9520009566327,1213.8204599808673,1199.0177714445153,1208.88623046875,39665156.0
2025-09-11,1238.4915303876323,1243.4257595923639,1218.754613568706,1223.6888427734375,30345708.0
2025-09-12,1238.4915519593253,1243.42578125,1233.5573226686508,1243.42578125,26492972.0
2025-09-15,1243.4258065394672,1243.4258065394672,1233.5573477574078,1238.4915771484375,24589707.0
2025-09-16,1253.3534336090088,1273.169298171997,1248.3994674682617,1268.21533203125,40130070.0
2025-09-17,1258.3073595371172,1263.2613255195467,1253.3533935546875,1253.3533935546875,29283972.0
2025-09-18,1263.261379138041,1273.1693115234375,1253.3534467526447,1273.1693115234375,24191307.0
2025-09-19,1273.169257484406,1278.1232234668355,1253.3533935546875,1253.3533935546875,44913316.0
2025-09-22,1258.3074390308277,1283.0772705078125,1258.3074390308277,1283.0772705078125,28859955.0
2025-09-23,1307.8470987348414,1327.6629638671875,1302.8931324517548,1327.6629638671875,33953781.0
2025-09-24,1337.5708964333605,1342.5248627164472,1312.8010650179278,1327.6629638671875,44737182.0
2025-09-25,1307.8470458984375,1317.7549780643349,1307.8470458984375,1307.8470458984375,25861812.0
2025-09-26,1297.9390596829928,1302.8930255596454,1283.0771620530347,1288.0311279296875,25793295.0
2025-09-30,1297.9390733506943,1307.8470052083333,1292.985107421875,1292.985107421875,36642789.0
2025-10-01,1312.801025390625,1337.5708560583726,1312.801025390625,1312.801025390625,33837323.0
2025-10-02,1347.478773179945,1357.3867053356798,1342.5248071020776,1352.4327392578125,29593487.0
2025-10-03,1352.4327117919922,1387.1104736328125,1352.4327117919922,1387.1104736328125,31032341.0
2025-10-07,1406.9263103631315,1431.696139770933,1406.9263103631315,1421.7882080078125,38395572.0
2025-10-08,1397.0184459888471,1406.9263782299029,1392.0644798683193,1401.972412109375,23064494.0
2025-10-09,1426.7423095703125,1441.6042086283367,1416.8343768649631,1426.7423095703125,39052134.0
2025-10-13,1377.202581506736,1406.9263782299029,1377.202581506736,1401.972412109375,53850992.0
2025-10-14,1441.6040437397205,1446.5580095257676,1406.9262832373904,1411.8802490234375,39889256.0
2025-10-15,1421.78828799928,1451.5120849609375,1411.8803556787275,1451.5120849609375,41056405.0
2025-10-16,1451.5121375703652,1481.2359356093486,1451.5121375703652,1471.3280029296875,37737678.0
2025-10-17,1441.6042349979796,1451.5121678845637,1436.6502685546875,1436.6502685546875,38077331.0
2025-10-20,1446.558158255912,1481.2359223236908,1441.6041919605152,1466.3740234375,33015553.0
2025-10-21,1471.3279897328969,1486.1898886190877,1466.3740234375,1466.3740234375,34601251.0
2025-10-22,1446.5582275390625,1456.4661606043985,1441.6042610063944,1446.5582275390625,27360948.0
2025-10-23,1426.7423356681036,1441.6042349979796,1421.7883692248115,1436.6502685546875,23570046.0
2025-10-27,1486.1898886190877,1486.1898886190877,1466.3740234375,1466.3740234375,32851952.0
2025-10-28,1466.3741326800848,1476.2820660090042,1456.4661993511652,1461.420166015625,28381919.0
2025-10-29,1481.235987869212,1501.051853927663,1476.2820213545992,1491.1439208984375,30631103.0
2025-10-30,1501.051853927663,1506.0058204422758,1486.189954383825,1491.1439208984375,27867757.0
2025-10-31,1501.0517175292969,1510.9596496582033,1486.1898193359375,1486.1898193359375,31928423.0
2025-11-03,1496.097900390625,1506.0058335057947,1476.2820341602855,1496.097900390625,29118770.0
2025-11-04,1506.0058204422758,1510.9597869568886,1481.235987869212,1491.1439208984375,33925673.0
2025-11-05,1466.3740936697345,1471.3280602024026,1441.6042610063944,1446.5582275390625,56305422.0
2025-11-06,1456.4660511212137,1466.373983441766,1451.5120849609375,1451.5120849609375,27411394.0
2025-11-07,1446.5582275390625,1451.5121940717304,1441.6042610063944,1446.5582275390625,20329390.0
2025-11-10,1456.4661993511652,1471.3280993445444,1451.5122326867056,1461.420166015625,25281744.0
2025-11-11,1476.2819157623187,1481.235881922595,1451.5120849609375,1451.5120849609375,22444166.0
2025-11-12,1456.4661993511652,1471.3280993445444,1446.5582660222458,1461.420166015625,23642502.0
2025-11-13,1446.5582275390625,1456.4661606043985,1446.5582275390625,1446.5582275390625,21255597.0
2025-11-14,1411.8802626816541,1426.7421601835663,1411.8802626816541,1416.834228515625,26861702.0
2025-11-17,1436.6502554606402,1446.5581882569204,1431.6962890625,1431.6962890625,26602730.0
2025-11-18,1421.788373953931,1421.788373953931,1392.0645751953125,1392.0645751953125,42198432.0
2025-11-19,1387.1104600694443,1401.9723578559028,1382.156494140625,1382.156494140625,35591948.0
2025-11-20,1436.6502815587414,1446.5582145350086,1426.7423485824743,1441.604248046875,25964403.0
2025-11-21,1382.1565897697146,1392.0645223128668,1372.2486572265625,1372.2486572265625,54518246.0
2025-11-24,1387.1105291193182,1392.0644952947443,1362.3406982421875,1362.3406982421875,79134658.0
2025-11-25,1411.8803443504307,1411.8803443504307,1392.0644798683193,1401.972412109375,27427405.0
2025-11-26,1416.8343768649631,1426.7423095703125,1411.8804105122886,1426.7423095703125,29213211.0
2025-11-27,1436.6501056524935,1441.6040715340537,1416.834242126252,1421.7882080078125,22039774.0
2025-11-28,1426.7423095703125,1441.6042086283367,1421.788343217638,1426.7423095703125,23152513.0
2025-12-01,1431.6961951289616,1431.6961951289616,1397.0184326171875,1397.0184326171875,30559208.0
2025-12-02,1416.834228515625,1426.7421601835663,1406.9262968476835,1416.834228515625,23544477.0
2025-12-03,1426.7423356681036,1436.6502685546875,1421.7883692248115,1436.6502685546875,20301540.0
2025-12-04,1431.6962890625,1436.6502554606402,1416.8343898680796,1431.6962890625,20696944.0
2025-12-05,1431.6963279410584,1446.5582275390625,1426.7423614083905,1446.5582275390625,21072604.0
2025-12-08,1451.5121633472252,1481.2359619140625,1446.5581969194188,1481.2359619140625,24257260.0
2025-12-09,1481.2359223236908,1486.1898886190877,1466.3740234375,1466.3740234375,24235825.0
2025-12-10,1476.2820213545992,1491.1439208984375,1471.3280548399866,1491.1439208984375,23319221.0
2025-12-11,1501.0847574869792,1506.0552368164062,1456.3504435221355,1461.3209228515625,28924982.0
2025-12-12,1466.2914832862648,1476.2324424949852,1461.3210036819046,1471.261962890625,22107664.0
2025-12-15,1441.4390869140625,1446.4095665241111,1436.468607304014,1441.4390869140625,25889058.0
2025-12-16,1426.5274658203125,1436.4684237702797,1416.586507870345,1426.5274658203125,32168064.0
2025-12-17,1426.5274858808184,1436.4684439705802,1416.5865277910566,1421.5570068359375,30535812.0
2025-12-18,1411.6160487461757,1426.5274858808184,1406.6455697012948,1421.5570068359375,30534136.0
2025-12-19,1446.409402060342,1446.409402060342,1421.5570068359375,1421.5570068359375,38763280.0
2025-12-22,1456.3504638671875,1461.3209432660517,1446.4095050694593,1456.3504638671875,22661665.0
2025-12-23,1466.2914424614619,1481.202880859375,1461.3209629954908,1481.202880859375,20739075.0
2025-12-24,1486.17333984375,1491.1438192412206,1476.2323810488085,1486.17333984375,12987261.0
2025-12-26,1496.1143592682895,1501.0848388671875,1486.1734000704935,1501.0848388671875,18823612.0
2025-12-29,1506.0552368164062,1520.9666748046875,1501.0847574869792,1520.9666748046875,21124648.0
2025-12-30,1506.0552773726613,1520.9667157624897,1501.0847979093853,1511.0257568359375,20325400.0
2025-12-31,1511.0257560483872,1540.8486328125,1506.0552765877017,1540.8486328125,29695967.0
2026-01-02,1545.8190914117952,1575.6419677734375,1535.878132624581,1575.6419677734375,37512761.0
2026-01-05,1620.37630110872,1684.9925339750187,1615.4058216574663,1660.14013671875,66871820.0
2026-01-06,1635.2877190106076,1694.9334716796875,1635.2877190106076,1694.9334716796875,46751692.0
2026-01-07,1655.1696369228077,1675.051554483442,1655.1696369228077,1665.110595703125,49857449.0
2026-01-08,1650.199117326595,1689.962951479043,1645.228638057539,1675.051513671875,29215618.0
2026-01-09,1655.1696166992188,1689.9629720052083,1645.2286580403645,1670.0810546875,37387656.0
2026-01-12,1689.9629310743342,1694.9334102833764,1680.02197265625,1680.02197265625,29987449.0
2026-01-13,1709.8448893229167,1709.8448893229167,1689.9629720052083,1699.9039306640625,30171800.0
2026-01-14,1694.9334513346355,1704.8744099934895,1689.9629720052083,1699.9039306640625,29100816.0
2026-01-15,1675.0514934472078,1689.9629310743342,1670.0810142381656,1680.02197265625,36391886.0
2026-01-16,1724.756327311198,1739.6677652994792,1699.9039306640625,1729.726806640625,53551629.0
2026-01-19,1714.8154085332699,1769.4906824285335,1714.8154085332699,1749.6087646484375,29580038.0
2026-01-20,1729.7269063600352,1764.520263671875,1729.7269063600352,1764.520263671875,29401234.0
2026-01-21,1734.697285970052,1754.5792032877605,1729.726806640625,1729.726806640625,45192749.0
2026-01-22,1754.5792440934615,1759.5497235384855,1739.6678057583897,1749.6087646484375,32069478.0
2026-01-23,1759.5498046875,1764.5202843617585,1739.6678859904662,1759.5498046875,27601167.0
2026-01-26,1754.5791419048255,1774.4610585269766,1744.63818359375,1744.63818359375,22960198.0
2026-01-27,1749.6088044241574,1774.4612022142733,1744.638324866134,1769.49072265625,28985200.0
2026-01-28,1779.431639954284,1809.2545166015625,1779.431639954284,1809.2545166015625,29301156.0
2026-01-29,1819.1955377045101,1824.1660173157245,1789.3726600372229,1794.3431396484375,32224002.0
2026-01-30,1779.4317025198063,1789.3726617517605,1764.520263671875,1764.520263671875,40825139.0
2026-02-02,1739.6677854716272,1754.5792236328125,1734.6973060845653,1754.5792236328125,28251381.0
2026-02-03,1799.3135172526042,1799.3135172526042,1774.4611206054688,1789.37255859375,26744162.0
2026-02-04,1774.461181640625,1794.3430996422005,1764.5202226398371,1774.461181640625,26952301.0
2026-02-05,1754.5792236328125,1769.490661793998,1749.6087442457508,1754.5792236328125,26299986.0
2026-02-06,1734.6973657500878,1769.49072265625,1729.7268861920645,1769.49072265625,33263592.0
2026-02-09,1819.1954961098916,1824.1659756074594,1804.2840576171875,1804.2840576171875,36529289.0
2026-02-10,1834.1069124911694,1868.9002685546875,1829.136433053524,1868.9002685546875,41859169.0
2026-02-11,1868.9002478377938,1913.6345622807196,1863.9297684552464,1903.693603515625,40488310.0
2026-02-23,1888.7821044921875,1923.5754590486224,1888.7821044921875,1888.7821044921875,69816209.0
2026-02-24,1903.693523688474,1963.3392737779302,1903.693523688474,1953.3983154296875,40961679.0
2026-02-25,1983.22123229829,2013.0441079719485,1983.22123229829,2003.1031494140625,40832607.0
2026-02-26,1988.1916705827068,1998.1326289356202,1983.22119140625,1983.22119140625,58561388.0
2026-03-02,1928.5459998022152,1983.2212729924843,1928.5459998022152,1963.33935546875,48884884.0
2026-03-03,1958.3689179334222,1968.3098769077035,1923.5755615234375,1923.5755615234375,43090471.0
2026-03-04,1883.811645180546,1898.7230830051942,1853.98876953125,1853.98876953125,68160943.0
2026-03-05,1928.5459382709703,1948.4278551603618,1883.8116252698396,1888.7821044921875,48120463.0
2026-03-06,1868.9002278645833,1888.7821451822917,1868.9002278645833,1878.8411865234375,30082724.0
2026-03-09,1764.5202417531725,1799.3135986328125,1759.5497621989382,1799.3135986328125,76459172.0
2026-03-10,1858.9593103357263,1878.8412280933276,1819.1954748205235,1839.077392578125,41375691.0
2026-03-11,1873.8707467305292,1938.4869793764094,1863.9297878619323,1928.5460205078125,36167313.0
2026-03-12,1888.7821656892406,1903.6936038394188,1873.8707275390625,1873.8707275390625,34040589.0
2026-03-13,1829.1363731568365,1873.8706866307807,1829.1363731568365,1853.98876953125,31214304.0
2026-03-16,1863.929810562754,1868.900290057588,1834.10693359375,1834.10693359375,31249086.0
2026-03-17,1870.0111103567847,1874.9978066510694,1855.0510214739304,1865.0244140625,23812211.0
2026-03-18,1894.9445781557579,1904.9179706723671,1884.9711856391486,1899.9312744140625,23068156.0
2026-03-19,1870.0111182960304,1874.9978146114865,1845.07763671875,1845.07763671875,31040569.0
2026-03-20,1855.0510333517325,1865.0244260041611,1835.104248046875,1835.104248046875,46312322.0
2026-03-23,1785.2372965944407,1810.1707783904524,1780.2506002352384,1805.18408203125,34902948.0
2026-03-24,1845.077652904869,1845.077652904869,1795.2106893128455,1805.18408203125,27001025.0
2026-03-25,1860.037727666095,1870.0111203077363,1840.0909423828125,1840.0909423828125,40964040.0
2026-03-26,1845.0776406993036,1860.0377296779468,1835.104248046875,1835.104248046875,20958470.0
2026-03-27,1800.1973816588684,1820.1441670512104,1795.210685310783,1815.157470703125,28974140.0
2026-03-30,1775.263916015625,1795.2107015888341,1775.263916015625,1775.263916015625,39889700.0
2026-03-31,1770.2772279219193,1785.2373171719637,1755.317138671875,1755.317138671875,49221091.0
2026-04-01,1835.1042421243262,1850.0643310546875,1825.1308495040853,1850.0643310546875,35537379.0
2026-04-02,1860.0377419824758,1860.0377419824758,1800.1973856720479,1805.18408203125,25132417.0
2026-04-07,1845.077632780998,1855.051025390625,1830.1175438665575,1855.051025390625,17953562.0
2026-04-08,1929.851434795673,1944.8115234375,1919.8780423677883,1944.8115234375,46515921.0
2026-04-09,1939.824825355159,1949.7982177734375,1924.8647367277415,1949.7982177734375,31835073.0
2026-04-10,1969.7449859619142,1994.678466796875,1964.758289794922,1994.678466796875,28637625.0
2026-04-13,1979.7183819488066,1989.6917743011936,1969.7449895964196,1984.705078125,28968757.0
2026-04-14,2009.6386552425488,2049.5322265625,2004.6519588275548,2049.5322265625,39113405.0
2026-04-15,2059.505487882174,2094.412360558143,2054.518791785607,2074.465576171875,40343568.0
2026-04-16,2074.4656961930455,2084.4390889632045,2049.532214267648,2079.452392578125,32038524.0
2026-04-17,2049.5321135121612,2054.5188096520938,2024.5986328125,2024.5986328125,39260244.0
2026-04-20,2024.598634620949,2049.532115342882,2019.6119384765625,2019.6119384765625,25407621.0
2026-04-21,2044.54541015625,2069.4788907679117,2039.5587140339176,2044.54541015625,25783476.0
2026-04-22,2039.5587140339176,2064.4921946455793,2034.5720179115854,2044.54541015625,24762881.0
2026-04-23,2084.438968365009,2129.319233234112,2049.53209568904,2074.465576171875,48682193.0
2026-04-24,2104.385834927417,2184.172975588172,2099.39913863612,2179.186279296875,45088050.0
2026-04-27,2273.9334773385763,2323.800439560913,2258.973388671875,2258.973388671875,68696037.0
2026-04-28,2239.026622901383,2273.933496755079,2209.1064453125,2209.1064453125,47175356.0
2026-04-29,2169.2127668748208,2204.11963898545,2159.2393748432123,2174.199462890625,42895935.0
2026-04-30,2199.1330846567625,2209.1064773309427,2129.3193359375,2129.3193359375,48975164.0
2026-05-04,2194.1463341346152,2278.9201697716344,2189.159637920673,2268.94677734375,38390062.0
2026-05-05,2244.013427734375,2263.9602137586808,2234.040034722222,2244.013427734375,21625279.0
2026-05-06,2244.013427734375,2278.9203032769096,2234.040034722222,2244.013427734375,31918664.0
2026-05-07,2328.7872420141707,2338.760634913589,2303.853759765625,2303.853759765625,35034517.0
2026-05-08,2293.880375358215,2303.8537682945553,2258.9735000810247,2283.906982421875,27102571.0
2026-05-11,2258.9734001415686,2268.946792636675,2229.05322265625,2229.05322265625,37244077.0
2026-05-12,2229.0532150776053,2273.9334811529934,2204.119733924612,2249.0,44459541.0
2026-05-13,2199.132929621516,2234.0398015202704,2199.132929621516,2214.093017578125,35350292.0
2026-05-14,2244.0134191303,2263.960205078125,2224.066633182475,2263.960205078125,31747100.0
2026-05-15,2303.8536546719783,2318.8137433386796,2244.0133000051737,2258.973388671875,29922154.0
2026-05-18,2219.0799495152064,2253.986825125558,2209.106556483677,2234.0400390625,25875079.0
2026-05-19,2214.0931454613096,2224.0665380084324,2199.133056640625,2199.133056640625,34824449.0
2026-05-20,2199.133064462064,2204.119760753361,2179.186279296875,2179.186279296875,29320253.0
2026-05-21,2234.039798206278,2248.9998861406953,2224.06640625,2224.06640625,22964974.0
2026-05-22,2239.0266075388026,2253.9866962305987,2219.079822616408,2249.0,24437825.0
2026-05-25,2268.946884617661,2303.853759765625,2268.946884617661,2303.853759765625,25215869.0
2026-05-26,2313.8271699476873,2318.8138664346434,2263.960205078125,2263.960205078125,22586387.0
2026-05-27,2303.853764011549,2323.8005498471466,2283.9069781759513,2293.88037109375,31986652.0
2026-05-28,2343.7472128608388,2353.7206052559914,2263.9600736996185,2288.8935546875,36889432.0
2026-05-29,2333.773798268312,2368.680671319334,2323.80040596802,2348.73388671875,86132863.0
2026-06-01,2348.73388671875,2408.5742405205015,2343.747190568604,2348.73388671875,35023445.0
2026-06-02,2383.6408732438285,2393.6142660189075,2353.7206949185925,2373.66748046875,29610654.0
2026-06-03,2418.547607421875,2433.5076957152064,2403.587519128544,2418.547607421875,22536554.0
2026-06-04,2378.654052734375,2408.5742294983293,2378.654052734375,2378.654052734375,25054494.0
2026-06-05,2388.6274522454746,2398.600844530424,2343.7471869632004,2358.707275390625,32795780.0
2026-06-08,2224.0665041190086,2313.827035675381,2224.0665041190086,2288.8935546875,44721632.0
2026-06-09,2298.866943359375,2313.827031927874,2288.8935509803755,2298.866943359375,33252041.0
2026-06-10,2278.920177383592,2293.880266075388,2249.0,2249.0,42608467.0
2026-06-11,2240.0,2260.0,2210.0,2250.0,34790220.0
2026-06-12,2325.0,2325.0,2290.0,2310.0,21560608.0
